Workbook

Sheet FLIQ Payroll
D1: Mar. 28 - Apr. 12, 2026 | AE1: SSS & PAG-IBIG LOAN | AJ1: NET SALARY (BI-MONTHLY)
D2: SALARY | H2: WORKING | I2: ABSENT | K2: GROSS SALARY | L2: REGULAR OVERTIME | O2: SPECIAL NON-WORKING / SUNDAY - REST DAY | R2: REGULAR HOLIDAY | U2: NIGHT DIFF | X2: LEAVE WITH PAY | Z2: GOVERNMENT DUES | AC2: LATE/UNDERTIME | AE2: SSS SALARY | AF2: SSS CALAMITY | AG2: PAG-IBIG SALARY | AH2: To Add | AI2: To Deduct | AK2: BPI / CASH
B3: FULL NAME | C3: POSITION | D3: MONTHLY SALARY | E3: BI-MONTHLY | F3: DAILY RATE | G3: HOURLY RATE | H3: DAYS | I3: DAYS | J3: AMT | L3: OT RATE | M3: No. of Hours | N3: OT PAY | O3: OT RATE | P3: No. of Hours | Q3: OT PAY | R3: OT RATE | S3: No. of Days | T3: OT PAY | U3: OT RATE | V3: No. of Hours | W3: OT PAY | X3: No. of Days | Y3: OT PAY | Z3: SSS | AA3: PHILHEALTH | AB3: PAG-IBIG | AC3: HOURS | AD3: AMOUNT | AE3: AMOUNT | AF3: AMOUNT | AG3: AMOUNT | AJ3: actual salary this cutoff
A4: Daily Salary | B4: Employee A | C4: Quality Control Specialist | D4: 12636 | E4: =D4/2 -> 6318 | F4: =E4/13 -> 486 | G4: =F4/8 -> 60.75 | H4: ='FLIQ Attendance'!V6 -> 10 | I4: 0 | J4: =F4*I4 -> 0 | K4: =F4*H4 -> 4860 | L4: 1.25 | M4: ='FLIQ Attendance'!V48 -> 0 | N4: =G4*M4*L4 -> 0 | O4: 1.3 | P4: ='FLIQ Attendance'!T90 -> 0 | Q4: =G4*P4*O4 -> 0 | R4: 1 | S4: ='FLIQ Attendance'!V174 -> 2 | T4: =F4*R4*S4 -> 972 | U4: 0.2 | V4: ='FLIQ Attendance'!V216 -> 0 | W4: =G4*U4*V4 -> 0 | X4: ='FLIQ Attendance'!V258 -> 0 | Y4: =X4*F4 -> 0 | Z4: =625/2 -> 312.5 | AA4: 157.95 | AB4: 100 | AC4: ='FLIQ Attendance'!V132 -> 0 | AD4: =G4*AC4 -> 0 | AE4: 245.11 | AF4: 0 | AG4: 497.41 | AH4: 0 | AI4: 0 | AJ4: =((K4+(N4+Q4+T4+W4+Y4+AH4))-(Z4+AA4+AB4+AD4+AE4+AF4+AG4+AI4)) -> 4519.03 | AK4: BPI
A5: Monthly Salary | B5: Employee B | C5: Production Controller | D5: 30000 | E5: =D5/2 -> 15000 | F5: =E5/13 -> 1153.8462 | G5: =F5/8 -> 144.23077 | H5: ='FLIQ Attendance'!V13 -> 8.5 | I5: ='FLIQ Attendance'!V307 -> 0.5 | J5: =F5*I5 -> 576.92308 | K5: =E5-J5 -> 14423.077 | L5: 1.25 | M5: ='FLIQ Attendance'!V55 -> 0 | N5: =G5*M5*L5 -> 0 | O5: 1.3 | P5: ='FLIQ Attendance'!V97 -> 0 | Q5: =G5*P5*O5 -> 0 | R5: 1 | S5: ='FLIQ Attendance'!V181 -> 2 | T5: =F5*R5*S5 -> 2307.6923 | U5: 0.2 | V5: ='FLIQ Attendance'!V223 -> 0 | W5: =G5*U5*V5 -> 0 | X5: ='FLIQ Attendance'!V265 -> 1 | Y5: =X5*F5 -> 1153.8462 | Z5: 750 | AA5: =D5*5%/2/2 -> 375 | AB5: 100 | AC5: ='FLIQ Attendance'!V139 -> 4.19 | AD5: =G5*AC5 -> 604.32692 | AE5: 0 | AF5: 0 | AG5: 693.74 | AH5: 0 | AI5: 0 | AJ5: =((K5+(N5+Q5+T5+W5+Y5+AH5))-(Z5+AA5+AB5+AD5+AE5+AF5+AG5+AI5)) -> 15361.548 | AK5: BPI
A6: Fixed Salary | B6: Employee C | C6: Marketing Assistant | D6: 10000 | E6: =D6/2 -> 5000 | F6: =E6/13 -> 384.61538 | G6: =F6/8 -> 48.076923 | H6: 0 | I6: 0 | J6: 0 | K6: =E6 -> 5000 | L6: 1.25 | M6: 0 | N6: =G6*M6*L6 -> 0 | O6: 1.3 | P6: 0 | Q6: 0 | R6: 1 | T6: 0 | U6: 0.2 | AH6: 0 | AI6: 0 | AJ6: =((K6+(N6+Q6+T6+W6+Y6+AH6))-(Z6+AA6+AB6+AD6+AE6+AF6+AG6+AI6)) -> 5000 | AK6: BPI

Sheet FLIQ Attendance
B1: ATTENDANCE
A2: Employee Name | B2: 28 | C2: 29 | D2: 30 | E2: 31 | F2: 1 | G2: 2 | H2: 3 | I2: 4 | J2: 5 | K2: 6 | L2: 7 | M2: 8 | N2: 9 | O2: 10 | P2: 11 | Q2: 12 | T2: Total | V2: Total
B3: Sat | C3: Sun | D3: Mon | E3: Tue | F3: Wed | G3: Thu | H3: Fri | I3: Sat | J3: Sun | K3: Mon | L3: Tue | M3: Wed | N3: Thu | O3: Fri | P3: Sat | Q3: Sun
A6: Bagares, Texie | B6: 1 | D6: 1 | E6: 1 | F6: 1 | K6: 1 | L6: 1 | M6: 1 | N6: 1 | O6: 1 | P6: 1 | T6: =SUM(B6:S6) -> 10 | V6: =T6+U6 -> 10
AJ8: 8
A13: Fabria, Harlene D. | B13: 1 | D13: 1 | E13: 1 | F13: 1 | K13: 1 | L13: 0.5 | M13: 1 | N13: 1 | O13: 1 | P13: VL | T13: =SUM(B13:S13) -> 8.5 | V13: =T13+U13 -> 8.5
B43: REGULAR OVERTIME (1.25)
A44: Employee Name | B44: =B2 -> 28 | C44: =C2 -> 29 | D44: =D2 -> 30 | E44: =E2 -> 31 | F44: =F2 -> 1 | G44: =G2 -> 2 | H44: =H2 -> 3 | I44: =I2 -> 4 | ... R44: =R2 -> 0 | T44: SubTotal | V44: Total
B45: =B3 -> Sat | C45: =C3 -> Sun | D45: =D3 -> Mon | E45: =E3 -> Tue | F45: =F3 -> Wed | G45: =G3 -> Thu | H45: =H3 -> Fri | I45: =I3 -> Sat | ... R45: =R3 -> 0
A48: Bagares, Texie | T48: =SUM(B48:S48) -> 0 | V48: =T48+U48 -> 0
A55: Fabria, Harlene D. | T55: =SUM(B55:S55) -> 0 | V55: =T55+U55 -> 0
B85: SPECIAL OVERTIME (1.3)
A86: Employee Name | B86: =B2 -> 28 | C86: =C2 -> 29 | D86: =D2 -> 30 | E86: =E2 -> 31 | F86: =F2 -> 1 | G86: =G2 -> 2 | H86: =H2 -> 3 | I86: =I2 -> 4 | ... R86: =R2 -> 0 | T86: SubTotal | U86: ADJ | V86: Total
B87: =B3 -> Sat | C87: =C3 -> Sun | D87: =D3 -> Mon | E87: =E3 -> Tue | F87: =F3 -> Wed | G87: =G3 -> Thu | H87: =H3 -> Fri | I87: =I3 -> Sat | ... R87: =R3 -> 0
A90: Bagares, Texie | T90: =SUM(B90:S90) -> 0 | V90: =T90+U90 -> 0
A97: Fabria, Harlene D. | T97: =SUM(B97:S97) -> 0 | V97: =T97+U97 -> 0
B127: LATES and UNDERTIME
A128: Employee Name | B128: =B2 -> 28 | C128: =C2 -> 29 | D128: =D2 -> 30 | E128: =E2 -> 31 | F128: =F2 -> 1 | G128: =G2 -> 2 | H128: =H2 -> 3 | I128: =I2 -> 4 | ... P128: =P2 -> 11 | Q128: 12 | R128: =R2 -> 0 | T128: SubTotal | U128: ADJ | V128: Total
B129: =B3 -> Sat | C129: =C3 -> Sun | D129: =D3 -> Mon | E129: =E3 -> Tue | F129: =F3 -> Wed | G129: =G3 -> Thu | H129: =H3 -> Fri | I129: =I3 -> Sat | ... P129: =P3 -> Sat | Q129: Thu | R129: =R3 -> 0
A132: Bagares, Texie | T132: =SUM(B132:S132) -> 0 | V132: =T132+U132 -> 0
A139: Fabria, Harlene D. | B139: 1.17 | D139: 0.5 | E139: 1.54 | F139: 0.54 | L139: 0.44 | T139: =SUM(B139:S139) -> 4.19 | V139: =T139+U139 -> 4.19
B169: REGULAR HOLIDAY
A170: Employee Name | B170: =B2 -> 28 | C170: =C2 -> 29 | D170: =D2 -> 30 | E170: =E2 -> 31 | F170: =F2 -> 1 | G170: =G2 -> 2 | H170: =H2 -> 3 | I170: =I2 -> 4 | ... R170: =R2 -> 0 | T170: SubTotal | U170: ADJ | V170: Total
B171: =B3 -> Sat | C171: =C3 -> Sun | D171: =D3 -> Mon | E171: =E3 -> Tue | F171: =F3 -> Wed | G171: =G3 -> Thu | H171: =H3 -> Fri | I171: =I3 -> Sat | ... R171: =R3 -> 0
A174: Bagares, Texie | G174: 1 | H174: 1 | T174: =SUM(B174:S174) -> 2 | V174: =T174+U174 -> 2
A181: Fabria, Harlene D. | G181: 1 | H181: 1 | T181: =SUM(B181:S181) -> 2 | V181: =T181+U181 -> 2
B211: NIGHT DIFFERENTIAL
A212: Employee Name | B212: =B2 -> 28 | C212: =C2 -> 29 | D212: =D2 -> 30 | E212: =E2 -> 31 | F212: =F2 -> 1 | G212: =G2 -> 2 | H212: =H2 -> 3 | I212: =I2 -> 4 | ... R212: =R2 -> 0 | T212: SubTotal | U212: ADJ | V212: Total
B213: =B3 -> Sat | C213: =C3 -> Sun | D213: =D3 -> Mon | E213: =E3 -> Tue | F213: =F3 -> Wed | G213: =G3 -> Thu | H213: =H3 -> Fri | I213: =I3 -> Sat | ... R213: =R3 -> 0
B253: LEAVE WITH PAY
A254: Employee Name | B254: =B2 -> 28 | C254: =C2 -> 29 | D254: =D2 -> 30 | E254: =E2 -> 31 | F254: =F2 -> 1 | G254: =G2 -> 2 | H254: =H2 -> 3 | I254: =I2 -> 4 | ... R254: =R2 -> 0 | T254: Total | V254: Total
B255: =B3 -> Sat | C255: =C3 -> Sun | D255: =D3 -> Mon | E255: =E3 -> Tue | F255: =F3 -> Wed | G255: =G3 -> Thu | H255: =H3 -> Fri | I255: =I3 -> Sat | ... R255: =R3 -> 0
A258: Bagares, Texie | T258: =SUM(B258:S258) -> 0 | V258: =T258+U258 -> 0
A265: Fabria, Harlene D. | P265: 1 | T265: =SUM(B265:S265) -> 1 | V265: =T265+U265 -> 1
B295: ABSENT
A296: Employee Name | B296: =B2 -> 28 | C296: =C2 -> 29 | D296: =D2 -> 30 | E296: =E2 -> 31 | F296: =F2 -> 1 | G296: =G2 -> 2 | H296: =H2 -> 3 | I296: =I2 -> 4 | ... R296: =R2 -> 0 | T296: Total | U296: ADJ | V296: Total
B297: =B3 -> Sat | C297: =C3 -> Sun | D297: =D3 -> Mon | E297: =E3 -> Tue | F297: =F3 -> Wed | G297: =G3 -> Thu | H297: =H3 -> Fri | I297: =I3 -> Sat | ... R297: =R3 -> 0
A300: Bagares, Texie | T300: =SUM(B300:S300) -> 0 | V300: =T300+U300 -> 0
A307: Fabria, Harlene D. | L307: 0.5 | T307: =SUM(B307:S307) -> 0.5 | V307: =T307+U307 -> 0.5
